Adrian Mejia,kcoleman@thomas.com,"2246 Lopez Mews Suite 871
New Julie, PA 87071",United States Virgin Islands,New Jessicafort,88202,621-28-1991,"Research officer, political party",Moody-Lin,"456 Ronald Landing
South Brittany, NY 23966",United Kingdom,East Matthew,30787,1976-11-20 16:09:27,569.786.6586x85409,"('KWD', 'Kuwaiti dinar')",20.833333333333332
Ashley Rodriguez,lawsonsusan@alvarez.com,"46086 Rhonda Crossroad
North Matthew, VA 35425",Macedonia,West Robertostad,16091,793-05-0791,Fisheries officer,"Smith, Castro and Snow","PSC 3171, Box 8407
APO AA 86989",Zambia,West Gary,17137,2009-04-11 03:23:28,960-085-4999x180,"('GTQ', 'Guatemalan quetzal')",19.23076923076923
Peter Johnson,hahneric@gmail.com,"9147 Katherine Square
Port Matthew, MD 50529",Saint Barthelemy,East Michael,51580,183-30-9490,Magazine features editor,Baker-Hart,"9176 Joshua Pine
Garyport, KS 26298",Cyprus,Whitehaven,84661,1980-02-25 09:29:30,(104)826-8289x3122,"('BZD', 'Belize dollar')",50.0
Anthony Baldwin,fgregory@ramirez.com,"3361 Michelle Estates
Joshuachester, FL 73185",Syrian Arab Republic,Port Lori,96777,164-51-5786,Oncologist,Huerta-Kaiser,"Unit 9719 Box 0535
DPO AE 20675",Guadeloupe,Ortizton,51351,2008-01-10 08:32:56,907-363-8388x4851,"('SYP', 'Syrian pound')",38.46153846153846
Julia Stevenson,ljones@robbins.com,"2236 Schmidt Square Suite 884
Markmouth, NM 16579",Armenia,North Sharonfurt,01236,861-50-2611,Environmental health practitioner,Jordan-Shea,"398 Holmes Junction
East Shannon, CT 03638",Turkmenistan,Ramosstad,32153,1994-06-04 13:50:21,(040)414-6268,"('AED', 'United Arab Emirates dirham')",14.285714285714286
Eric Myers,ylewis@hotmail.com,"5529 Bright Drives
Alexanderchester, OR 48235",United States Minor Outlying Islands,Bakerfort,07859,771-71-0827,Dispensing optician,"Maddox, Walker and Nunez","204 Stewart Inlet
Douglasfort, WI 14692",Chad,South Jameston,01812,1998-05-13 06:31:15,8059057049,"('BRL', 'Brazilian real')",6.8493150684931505
Deborah Tran,xwalton@hotmail.com,"33624 Scott Place Apt. 673
New Ashleyfurt, SD 25201",Marshall Islands,North Justinchester,10338,156-34-7736,Statistician,"Jackson, Morris and Morris","22830 Holt Field
Carterview, SC 40006",Gibraltar,Smithmouth,43151,1979-11-26 02:28:23,222-784-6651,"('CUP', 'Cuban peso')",250.0
Sheri Watkins,franklintristan@yahoo.com,"75819 Francis Valleys
Murphyside, SD 04164",Morocco,South Joseph,91373,682-55-1924,"Exhibitions officer, museum/gallery",Carpenter-Fields,"7278 Rebecca Road Suite 072
Jessicafurt, NE 58139",Falkland Islands (Malvinas),Morrisbury,40795,2018-07-08 08:31:35,(287)568-9500,"('LTL', 'Lithuanian litas')",7.6923076923076925
John Dunlap,samantha02@hotmail.com,"484 Bennett Forest Suite 778
Kirstenfort, MI 62448",Czech Republic,Patrickside,54616,052-38-4850,Landscape architect,Chen PLC,"917 Bush Extension Apt. 053
Hollyview, CA 22055",Nicaragua,Lake Hannahside,33993,2015-04-04 16:02:30,001-003-968-0890x2964,"('DJF', 'Djiboutian franc')",250.0
Krystal Miller,carrolljennifer@gmail.com,"527 Walker Forest Apt. 884
North Melissa, AK 16215",Thailand,Allenport,68625,260-30-6017,"Designer, television/film set",Graham Ltd,"392 Costa Harbors
Annafurt, WI 99444",Switzerland,Victoriachester,23159,1970-02-23 15:37:43,586-616-3670x650,"('SPL', 'Seborga luigino')",6.25
John Lyons,thomas00@rowland-pollard.net,"9885 Garcia Fork Suite 750
West Sandra, TX 77267",Poland,Goodmanburgh,23879,870-11-0292,"Surveyor, mining",Diaz-Frank,"7980 Brian Landing
Gouldside, LA 23862",Korea,New Katherineborough,47787,2015-01-29 05:15:45,+1-878-014-3509x262,"('LTL', 'Lithuanian litas')",27.77777777777778
Heather Allen,ubaldwin@perkins-garcia.com,"514 Allison Track
Lake Rodney, NE 13165",Reunion,Georgeton,37337,563-02-2821,"Engineer, materials",Summers-Black,"0420 Sanders Crescent
New Terriland, HI 65199",Costa Rica,Gardnerburgh,14303,1993-03-02 16:36:43,+1-525-438-1087x958,"('USD', 'United States dollar')",31.25
Brandon Aguilar,smithtimothy@hotmail.com,"462 Brown Villages
Port Erinfurt, NY 23465",Singapore,Gonzalezborough,11382,192-87-4674,Arboriculturist,"Mitchell, Foster and Stewart","3016 Jones Park
West Kaitlyn, IN 31623",Cape Verde,Romerochester,82621,1982-02-03 00:28:13,001-898-627-1581,"('BWP', 'Botswana pula')",8.333333333333334
Stephen French DVM,fguzman@yahoo.com,"784 Matthew Lodge
Reyesborough, VA 58582",Uganda,Loribury,39063,611-53-6390,Wellsite geologist,Sullivan-Smith,"915 Marco Burg
West Meganside, TN 14455",Tanzania,Hayesport,81360,1995-03-13 12:14:46,5223373239,"('SVC', 'Salvadoran colón')",10.204081632653061
Alexander Walton,alyssarussell@stevens.com,"Unit 6126 Box 8719
DPO AA 87072",Guatemala,West Davidshire,20438,662-50-8178,Transport planner,Herring-Ochoa,"1064 Clay Drive
West Alexandria, RI 19933",Belgium,East Nataliemouth,09216,1995-05-07 03:34:45,139.756.6014x12434,"('FKP', 'Falkland Islands pound')",5.208333333333333
Raymond Clarke,phillipscynthia@brewer.com,"21159 Wiggins Causeway
Port Lauraburgh, CA 25333",Lebanon,Boylehaven,23898,817-39-1300,Careers information officer,Bennett Inc,"506 Angel Estates Suite 225
North Peterton, WA 36804",Papua New Guinea,Davidshire,51240,1979-02-18 00:03:44,+1-074-084-0418x751,"('JEP', 'Jersey pound')",6.024096385542169
Juan Beltran,lhernandez@gmail.com,"PSC 9317, Box 4552
APO AP 65398",Sudan,Reedtown,57059,788-81-3706,"Surveyor, building control",Cox-Thomas,"304 Christian Greens
Pagechester, WI 77774",Burundi,Patrickburgh,35037,1978-05-05 04:16:23,595-763-7424x50004,"('UGX', 'Ugandan shilling')",23.80952380952381
Marissa Smith,johnstonnicole@nelson.biz,"693 Adrian Crest
East Andrew, VT 28985",Uganda,North Cameron,40169,179-55-5511,Lexicographer,Knapp-Silva,"0929 Cervantes Alley Suite 052
Valentineshire, MT 58467",Argentina,East John,41528,1990-04-20 05:02:57,707-224-0883,"('ALL', 'Albanian lek')",5.747126436781609
Brian Taylor,clarkrebecca@lee.com,"28704 Anthony Throughway
Brownside, SD 71552",Cyprus,Joymouth,18267,741-37-5484,Neurosurgeon,Reid PLC,"PSC 5622, Box 6820
APO AP 78915",Saint Lucia,Vaughanberg,89594,1974-08-13 04:46:33,(112)279-3405x580,"('SCR', 'Seychellois rupee')",10.204081632653061
Jennifer Pitts,pjones@yahoo.com,"Unit 7813 Box 2847
DPO AA 64726",Mongolia,North Caseyland,83602,369-65-0501,"Editor, magazine features",Combs Ltd,"00673 Lee Curve
Lambertfurt, MI 93361",Falkland Islands (Malvinas),Christophermouth,29463,2007-10-28 19:30:05,530.903.6501x5298,"('MRO', 'Mauritanian ouguiya')",41.666666666666664
Jon Aguirre,gabriela92@yahoo.com,"409 Page Street
South Kevinchester, LA 20667",Morocco,West Cassandraville,37665,794-76-9176,Chartered loss adjuster,Brown-Thomas,"6706 Barber Island
Brennanbury, NM 10490",Zimbabwe,Robertland,97579,2002-03-02 15:35:27,001-338-507-7674x9416,"('SBD', 'Solomon Islands dollar')",8.333333333333334
Alexis Lutz,heather14@gmail.com,"860 Vargas Rapid
Johnberg, KS 07970",Chile,North Williamberg,76374,817-78-0793,Clinical psychologist,Salinas PLC,"PSC 9730, Box 4121
APO AE 03886",Kyrgyz Republic,Charlesport,34294,1987-07-18 11:31:12,718-276-0501x084,"('MXN', 'Mexican peso')",35.714285714285715
Victoria Clark,mjones@morton-oconnor.com,"15262 Thomas Summit Apt. 221
East Kristen, ME 29410",Peru,East Jamesfort,40404,135-03-7785,"Teacher, early years/pre",Ball-Johnson,"9668 Daniel Place Suite 566
North Ryan, SD 98425",Puerto Rico,Smithville,37112,2018-07-23 06:18:24,023-340-8784x55300,"('KZT', 'Kazakhstani tenge')",33.333333333333336
Joseph Burke,renee18@hotmail.com,"2083 Samantha Turnpike Apt. 344
New Ronald, WI 82730",Canada,Santiagochester,53432,427-22-6328,"Therapist, art",Spears-Lyons,"USNV Miller
FPO AP 82195",Anguilla,West Paul,90961,1996-05-01 15:26:07,+1-836-230-9916x0428,"('XOF', 'West African CFA franc')",6.172839506172839
Eric Wilson,matthew06@hotmail.com,"37167 Dustin Trace Apt. 806
New Rachelton, PA 86095",Zimbabwe,New Jimmyfort,36513,813-52-0189,"Teacher, special educational needs","Spencer, Cervantes and Allison","6180 Luis Via
Ronnieburgh, RI 45281",Barbados,Yatesfurt,75613,2000-02-18 02:47:45,001-337-439-6471x86681,"('XDR', 'Special drawing rights')",5.319148936170213
Michael Dawson,melissa97@thompson-robinson.com,"41488 Theresa Walk Suite 904
Ericborough, DE 75514",Faroe Islands,East Christina,36775,664-46-1053,Equality and diversity officer,Mcfarland-Craig,"872 Melissa Manor
Tammyshire, MA 95513",Zimbabwe,Clarkport,51656,1988-12-29 05:27:09,(706)650-1709,"('TJS', 'Tajikistani somoni')",14.705882352941176
Robert Mitchell,christian90@kirby.net,"1306 Victor Brook Suite 188
Port Lucas, SD 11841",Suriname,Kennethport,53113,300-90-6565,Clinical cytogeneticist,Neal PLC,"67241 William Mall
Amberton, PA 61013",Uganda,North Jacob,21198,2012-09-15 13:23:17,(727)130-5968,"('DKK', 'Danish krone')",125.0
Lisa Johnson,mgilmore@johnson.com,"22670 Martin Canyon
Calebhaven, NH 80733",Saint Vincent and the Grenadines,Cameronfurt,76100,022-28-3475,Energy manager,Huff and Sons,"USNS Lee
FPO AE 91779",Morocco,West William,06345,1984-03-02 05:07:35,001-786-097-8234x002,"('BOB', 'Bolivian boliviano')",5.376344086021505
Eric Williams,robertwatson@yahoo.com,"02929 Thompson Ports
Jonesville, AL 88178",Bulgaria,West Aliciafurt,15838,325-34-1719,Counselling psychologist,Jones and Sons,"Unit 4208 Box 1273
DPO AP 74693",Barbados,Shelleybury,48024,1971-04-06 22:42:38,617.254.9631x3593,"('LKR', 'Sri Lankan rupee')",11.904761904761905
Eric Nunez,williamsnicholas@hall-taylor.net,"413 King Junction
Hessville, MA 51068",Norway,Katiebury,67114,776-93-5835,Metallurgist,Gray-Atkins,"03670 Jerome Street Suite 543
Michaelport, WA 67851",United Kingdom,Keithtown,02373,2010-06-21 11:49:56,030.558.0322x6825,"('IQD', 'Iraqi dinar')",11.627906976744185
Vanessa Armstrong,melissa57@crawford.org,"77643 Ryan Viaduct Apt. 911
Kingmouth, UT 70678",Uganda,West Charlesport,03913,359-08-5096,Visual merchandiser,Simmons Group,"149 Helen Squares Suite 470
Davidfort, MA 91865",Panama,Joshuastad,05573,1989-05-24 18:37:47,+1-730-937-3343x262,"('XOF', 'West African CFA franc')",125.0
Brendan Bass,kaylaholmes@harrell.info,"16194 Hughes Road
Rollinsview, MA 94775",Sri Lanka,West Susan,80543,088-87-1009,Senior tax professional/tax inspector,Bishop LLC,"PSC 8943, Box 6697
APO AE 35360",Lithuania,Jackiefurt,95899,1984-08-07 12:47:12,004.802.2726,"('LYD', 'Libyan dinar')",6.8493150684931505
Christine Robinson,tedwards@love-taylor.biz,"6131 Elizabeth Cliffs
Hartmanberg, NE 33147",Norfolk Island,Katherinemouth,42807,344-66-9500,"Nurse, learning disability",Morse-Palmer,"27415 Costa Grove Apt. 236
Mcbridestad, NY 39987",Luxembourg,Leslieborough,63477,2014-01-02 18:19:11,588.522.4726x222,"('GYD', 'Guyanese dollar')",6.329113924050633
Jenna Martin,ymcdowell@brennan.com,"518 Hill Cliffs Suite 592
Olsenmouth, HI 57574",Serbia,North Kelly,38514,629-25-3108,"Psychologist, counselling",Sullivan LLC,"740 Mary Place Suite 949
Jessicaport, CT 51103",Tokelau,Harmonfort,30167,2000-02-01 08:03:46,2143711689,"('XAF', 'Central African CFA franc')",5.747126436781609
Barbara Bailey,njones@reid.com,"848 Flores Falls
East Mary, SD 77561",Turkey,Danielstad,06545,424-30-5791,Police officer,Anderson LLC,"92811 Edward Spur Suite 534
East Brittanyburgh, NE 19979",Sao Tome and Principe,Martinfurt,97885,1982-05-22 07:54:56,(637)072-8738x163,"('PEN', 'Peruvian sol')",23.80952380952381
Alison Becker,paigebaker@hotmail.com,"77641 Karen Lodge Apt. 987
Ayalatown, DE 07684",Dominican Republic,Davishaven,51519,564-11-5808,Product/process development scientist,Lee Ltd,"6073 Fitzgerald Street Apt. 337
South Melissafurt, KS 53186",Bhutan,East Karenville,95091,2010-07-09 14:02:11,999-267-8766,"('SPL', 'Seborga luigino')",10.0
Jill Juarez,scox@powell.net,"813 Brown Corners Suite 829
West Paul, MA 85160",Greenland,Millsside,66030,352-99-1086,Warden/ranger,Elliott-Taylor,"6898 Ortega Squares
Sheriville, SD 95805",Sri Lanka,Lake Kelly,89376,1989-06-03 16:44:27,051-751-4755x66374,"('BDT', 'Bangladeshi taka')",71.42857142857143
Joel Bennett DDS,alyssa66@cross.com,"413 Ashlee Stream Suite 356
Port Tracy, DC 87585",Moldova,North Deborah,54450,645-87-0497,Retail merchandiser,Mccoy Ltd,"604 Michael Glens Apt. 989
Harrisstad, NV 49981",Portugal,Krystalburgh,42377,2012-11-09 12:13:11,+1-145-012-2564x452,"('CLP', 'Chilean peso')",7.142857142857143
Michael Romero,michael46@yahoo.com,"6335 Williams Springs
South Shaneland, NC 84973",Haiti,Williamsmouth,60470,388-73-6666,Equities trader,"Park, Huynh and Morales","79833 Krueger Streets
Cooperstad, ND 68506",Turkey,North Paul,50726,1993-04-15 01:48:36,426-700-3483,"('ERN', 'Eritrean nakfa')",10.869565217391305
Travis Reed,douglas77@gmail.com,"06036 Rebecca Rapids
East Gene, MS 16731",India,East Adam,11137,271-50-3174,Photographer,Parker-Rodriguez,"63911 Jodi Plaza
North Mitchellfort, SC 78177",Puerto Rico,South Keithside,29358,2004-11-26 13:30:47,(730)978-5260x138,"('MYR', 'Malaysian ringgit')",19.23076923076923
Anna Elliott,john09@klein.info,"9242 Miller Wells Suite 002
Emilyside, MO 58779",Cameroon,Jimmyberg,61030,240-43-4309,Newspaper journalist,Russell-Richard,"276 Jeremy Streets Apt. 610
West Mark, TN 62566",Mauritius,Lake Melissa,09975,1993-05-12 11:42:12,001-057-582-5425x98219,"('MYR', 'Malaysian ringgit')",5.617977528089888
Willie Richardson,greennathan@hotmail.com,"USNV Moore
FPO AA 51100",Namibia,Randyborough,27478,758-83-8173,Location manager,Lamb Group,"829 Jordan Walks Suite 532
Port Joshuafurt, WI 98583",Panama,Port Denise,41602,2016-04-01 03:32:40,001-359-643-2341x549,"('LKR', 'Sri Lankan rupee')",16.129032258064516
Andrea Owen,wdoyle@dixon.info,"85876 Samuel Roads
East Kimberly, RI 69793",Djibouti,South Brian,12970,600-65-8251,Retail banker,"Clark, Mendoza and Diaz","34135 Fisher Lodge Suite 114
Port Jesse, TN 10471",Antigua and Barbuda,South Richardview,62669,2015-08-30 12:44:04,(717)855-9724x97955,"('THB', 'Thai baht')",11.627906976744185
Monique Cooper,ctaylor@yahoo.com,"08766 Bob Cove
Austinchester, KY 30928",Swaziland,Lake Dominic,33307,423-91-8580,Accounting technician,"Donaldson, Smith and Mercado","060 James Avenue
Jessicahaven, AR 12461",Grenada,Lake Roy,27443,1988-05-05 19:04:57,+1-577-182-4544x61072,"('HRK', 'Croatian kuna')",6.329113924050633
Kimberly Callahan,jlopez@yahoo.com,"48198 David Village
Hornview, IA 45406",Haiti,West Cindy,50017,418-58-8484,"Teacher, adult education","Richardson, Brown and Wilson","7086 Martinez Centers Apt. 368
Lake Sarahburgh, NE 77850",Samoa,Kimberlymouth,50141,1987-04-10 04:45:11,(916)648-4562,"('XOF', 'West African CFA franc')",6.097560975609756
John Bridges,ogutierrez@hernandez-burns.com,"89343 James Throughway
West Mary, MT 13948",France,Annport,92276,052-80-0848,Sports administrator,Fletcher-Black,"998 Acosta Manors Apt. 470
Collinsmouth, AR 16545",Vanuatu,East Steven,72087,1981-01-10 17:10:32,667-147-2980x5581,"('NGN', 'Nigerian naira')",5.05050505050505
Tyler Davis,cpena@hotmail.com,"Unit 2272 Box 0781
DPO AP 51046",Lithuania,New Blakeview,47671,587-27-4769,Exhibition designer,Brown LLC,"36164 Evans Keys
Heathertown, NJ 43571",Christmas Island,West Jonberg,38267,1984-02-26 17:17:20,683-868-5542,"('RON', 'Romanian leu')",5.681818181818182
Suzanne Hernandez,cjohnson@reyes-wagner.info,"01236 Lisa Loop
North David, ME 47756",Niue,New Andrea,81099,290-43-6060,Contracting civil engineer,Jackson-Martinez,"2112 Dylan Gardens Apt. 633
New Kimberlyshire, IA 22690",Vietnam,Lake Brookeland,35426,2003-01-15 14:09:27,001-057-612-5726x577,"('SHP', 'Saint Helena pound')",41.666666666666664
Austin Cain,joshua52@yahoo.com,"572 Gerald Fords Apt. 778
Lake Wayneburgh, MN 66896",United Arab Emirates,Maryville,04001,148-11-1555,Heritage manager,Harris-Rogers,"PSC 1135, Box 0823
APO AA 58751",Bahrain,Lauraside,89830,1972-12-24 12:04:16,259.915.5260x98948,"('KMF', 'Comorian franc')",5.1020408163265305
Keith Hernandez,websterrebecca@hotmail.com,"191 Anna Locks Suite 922
Austinborough, PA 97834",Albania,New Heatherberg,78075,736-32-2441,Broadcast presenter,"Sanchez, Wong and Porter","9605 Dennis Mountain Apt. 466
North Megan, OR 04618",Guinea,Port Phillipton,69873,2005-03-24 13:27:04,454-316-9836,"('BND', 'Brunei dollar')",8.333333333333334
Anthony Smith,laura08@ponce-robinson.info,"7435 Davis Crossing Apt. 394
Elizabethburgh, KS 41187",Chile,Bennettview,83272,721-30-5797,Network engineer,Perry PLC,"USCGC Williams
FPO AP 42326",Netherlands Antilles,South Brianside,59199,2007-07-14 10:01:25,+1-980-341-5383x55249,"('AUD', 'Australian dollar')",33.333333333333336
Rachel Arnold,rgonzalez@gmail.com,"0711 Hardin Summit
Kentbury, IL 69459",Guam,West Adam,90808,192-30-3422,Community arts worker,"Ferguson, Powers and Taylor","104 Franco Islands Suite 707
Mortonland, MO 97346",Honduras,Johnville,48498,1980-01-09 03:41:45,917-280-4925x74716,"('MZN', 'Mozambican metical')",10.638297872340425
Thomas Rivera,biancadavis@gmail.com,"58215 Andrade River Suite 602
Shanestad, TX 49215",Marshall Islands,Williestad,35625,844-56-2930,"Engineer, structural","Perkins, Shepard and Lee","22317 Gonzales Roads Apt. 833
South Brianstad, ME 50549",Romania,Lake Michaelville,67643,1977-02-09 08:17:18,+1-420-071-7496x28933,"('TVD', 'Tuvaluan dollar')",5.154639175257732
Mary Newman MD,bakerjessica@cohen.biz,"0987 Rogers Street Apt. 924
Lake Amandaland, AL 40758",Poland,Ashleymouth,51722,671-82-3808,Broadcast presenter,"Reed, Berry and Rodriguez","USS Preston
FPO AA 27967",Antarctica (the territory South of 60 deg S),Williamsstad,93758,1984-11-24 10:22:47,(978)834-0339,"('IDR', 'Indonesian rupiah')",21.73913043478261
Amy Lee,guy37@hart-walker.info,"07980 Gonzalez Groves
Nicolehaven, HI 57039",Guernsey,North Diane,24187,864-78-0825,"Scientist, research (medical)",Cantu PLC,"873 Rivera Highway
New Rebecca, PA 49044",Gabon,Salasfurt,84895,1978-06-17 12:38:14,020-734-5588x76223,"('PAB', 'Panamanian balboa')",29.41176470588235
Benjamin Jackson,gregory54@yahoo.com,"3183 Dennis Lodge Suite 358
Lake Nicolehaven, KS 20931",Algeria,Emilychester,50945,845-56-2474,Regulatory affairs officer,Martin-Davis,"712 Gabrielle Junctions Suite 287
Lake Laura, SC 66914",Ghana,North Frankton,57621,2008-04-11 00:28:11,001-774-888-6434x64430,"('XDR', 'Special drawing rights')",22.727272727272727
Mark Hill,whoffman@hotmail.com,"384 Kenneth Rapids Suite 349
Martinside, MT 05385",Iran,Paulport,60931,727-43-3517,"Secretary, company",Johnson Group,"238 Jill Forest
Bakerfort, KY 16821",Sri Lanka,East Michael,48663,1983-02-27 09:18:37,747.154.6731,"('XPF', 'CFP franc')",5.747126436781609
Stephanie Rivera,wrightsandra@gmail.com,"PSC 9742, Box 8831
APO AA 83873",Ireland,Reyesburgh,03809,496-75-4029,Firefighter,Moreno-Kelly,"947 Emma Throughway
Jonesfurt, AZ 64791",Guinea,West James,66915,1970-03-31 23:22:08,8221585089,"('AFN', 'Afghan afghani')",9.25925925925926
David Gross,melanieadams@yahoo.com,"87513 Molly Shore
South Ambermouth, VT 76862",Bouvet Island (Bouvetoya),Nicholeburgh,77935,757-19-2651,Geoscientist,Sanchez-Harmon,"198 Martin Forge Apt. 931
Brownton, KY 70686",Bermuda,Mcclainland,73969,1988-08-24 20:51:59,(326)212-5662,"('CVE', 'Cape Verdean escudo')",6.172839506172839
Tiffany Bowers,ryanadam@gmail.com,"497 Ashley Ranch Apt. 373
Gravesville, FL 49810",Korea,Rebeccaville,64010,095-61-5519,Quantity surveyor,Morgan LLC,"94472 Gallagher Hill
South Rebecca, OH 11404",Burundi,New Stephanie,95324,1983-01-24 08:22:15,+1-531-307-9848,"('BIF', 'Burundian franc')",5.4945054945054945
Shelley Wolfe,toddduncan@melton.com,"30591 Amber Trace Apt. 042
East Thomasport, CA 10499",Martinique,New Darrentown,27645,209-91-2303,Fashion designer,"David, Calhoun and Thompson","70866 Ann Island Apt. 132
North Jenniferbury, ND 34920",El Salvador,Tamaraville,26484,2010-04-28 10:16:21,280-565-6755,"('BGN', 'Bulgarian lev')",7.352941176470588
Chelsea Daniel,michael01@sullivan.com,"5719 Vanessa Ways
Johnsonberg, CA 59115",Burkina Faso,West Alex,12381,825-63-5849,Tax adviser,"Clark, Reed and Whitaker","48508 Kelsey Fords
South Maxwellport, TN 83414",Tunisia,Port Kelly,70035,2013-02-13 03:39:11,(236)697-5171x352,"('BTN', 'Bhutanese ngultrum')",7.6923076923076925
Jacqueline Richards,morrisleonard@hotmail.com,"510 Anthony Road
Stewarttown, IA 18482",Jordan,Stevensonville,60989,738-83-9716,"Loss adjuster, chartered",Zavala Inc,"PSC 6207, Box 3142
APO AP 08075",Haiti,South Joshuatown,42772,1992-06-02 00:35:13,001-067-576-8031x36221,"('TOP', 'Tongan paʻanga')",41.666666666666664
Hunter Price,vthompson@yahoo.com,"00007 Bill Underpass
Davisstad, MA 47586",Hong Kong,New Amy,73295,111-72-9009,"Psychotherapist, child",Jackson-Camacho,"49213 Michele Branch Apt. 775
New Wendy, ME 62804",Namibia,Lake Ericburgh,59520,2005-05-29 00:25:11,912.145.4227,"('TND', 'Tunisian dinar')",6.8493150684931505
John Spencer,taylorward@lynch.info,"631 Stephanie Pines Suite 864
New Deannashire, AR 29840",Sao Tome and Principe,East Julia,00926,697-80-8013,Community development worker,Brown-Blake,"3353 Katie Causeway Apt. 248
Huntland, NH 23186",Azerbaijan,Oscarstad,36197,2011-11-09 11:22:01,894.765.0788,"('VUV', 'Vanuatu vatu')",5.05050505050505
Alan Burns,silvakristin@gmail.com,"1675 Jones Grove
Adamberg, OK 18541",Greenland,Bryceland,08286,559-94-6094,Astronomer,Baker-Stanley,"95441 Scott Cliff Apt. 125
East Kirsten, UT 95315",Faroe Islands,Nunezburgh,59849,1994-01-05 07:23:34,645-487-3924x06248,"('GMD', 'Gambian dalasi')",6.172839506172839
Jasmin Morales,castillonicholas@cunningham.com,"811 Johnson Village
West Kaitlyn, TN 22319",Australia,Thompsonland,94404,203-58-7956,Architectural technologist,Reyes LLC,"3246 Russo Island
East Karenport, NC 40214",Kenya,Santiagomouth,47838,1986-02-07 03:54:44,(863)636-9452x0689,"('GTQ', 'Guatemalan quetzal')",5.154639175257732
Christina Johnson,vevans@yahoo.com,"6759 Jones Spring Suite 472
Robertsborough, WV 93704",Hong Kong,Conradtown,09043,172-17-0447,Microbiologist,Schneider Ltd,"753 Rachel Club
Joneston, DC 19781",Netherlands Antilles,East Jamesport,15594,1990-02-11 14:48:24,921.918.7261x0809,"('SAR', 'Saudi riyal')",15.625
Mason Webb,chenry@hotmail.com,"4155 Jerry Pass Suite 263
Heatherborough, TX 88254",Saint Barthelemy,South Jameshaven,01944,545-87-2587,Quantity surveyor,Roth-Jennings,"00662 Graham Roads
East Sandraland, ID 90204",Monaco,North Natalie,38843,1971-08-12 17:32:37,+1-465-738-2277x9569,"('LYD', 'Libyan dinar')",16.129032258064516
Catherine Hanna,dawn44@yahoo.com,"USNS Mcdonald
FPO AP 33269",Jersey,Coreytown,63261,212-73-2263,"Engineer, drilling",Forbes-Mcguire,"1794 Martin Lakes Suite 968
South Annastad, ND 83854",Bulgaria,New Julieport,41506,2006-12-30 11:14:45,001-162-153-1515,"('YER', 'Yemeni rial')",7.462686567164179
Emily Jordan,ryanrodriguez@shah.org,"523 Watkins Street Suite 916
Lake Virginia, ID 41228",Belize,West Jeffrey,99360,392-05-9203,Police officer,"Gutierrez, Bradshaw and Leonard","49451 Brian Grove Suite 464
West Billy, FL 79364",Bahamas,North Davidborough,71254,2000-08-15 11:54:49,001-902-115-4246x6351,"('CUC', 'Cuban convertible peso')",5.05050505050505
Joe Burns,hannah71@brooks.biz,"35182 Robert Course Apt. 995
Bennettmouth, IL 40726",Lithuania,Lake Courtneyfort,26587,209-81-4663,Chief Operating Officer,Grant-Gray,"099 Kylie Spur Suite 637
Smithshire, NV 90309",Dominican Republic,Robertview,31504,1984-10-05 13:03:57,001-844-534-9198x366,"('NIO', 'Nicaraguan córdoba')",55.55555555555556
Philip Taylor,joy79@bell-diaz.com,"567 Griffin Drive Apt. 985
Matthewton, AL 96069",United States Virgin Islands,Port Marymouth,71864,486-17-5979,Solicitor,Callahan PLC,"PSC 2127, Box 6901
APO AA 32991",Guatemala,Smithstad,31366,2003-01-24 03:01:31,0426572989,"('ERN', 'Eritrean nakfa')",6.024096385542169
Dawn Griffin,owebster@case.com,"215 Keith Mills
Blakeview, AL 26839",Falkland Islands (Malvinas),Murrayfurt,58323,863-01-1343,Furniture conservator/restorer,Lara and Sons,"19584 Carter Place Apt. 704
North Jessicaberg, PA 90222",Georgia,North Allenville,52886,1993-11-11 14:29:15,001-403-437-8261x24430,"('GTQ', 'Guatemalan quetzal')",6.578947368421052
Colleen Stewart,wallacemaria@yahoo.com,"5514 Moran Lake Apt. 899
Foxport, MA 63882",Cayman Islands,North Jenniferborough,07432,417-01-2385,"Engineer, drilling","Sampson, Ray and Vazquez","25465 Troy Station
Rodriguezchester, CT 31641",Svalbard & Jan Mayen Islands,Alexanderstad,46140,1987-10-03 01:00:10,324-747-6304,"('PLN', 'Polish zloty')",14.285714285714286
Randy Steele,mitchelltamara@knox-lee.info,"USNS Holden
FPO AP 52195",Chad,West Moniqueton,12534,747-59-5960,Chartered management accountant,Solis LLC,"6597 Brandon Mission Suite 943
Martinezstad, MT 81814",Netherlands,East Tasha,26514,1981-10-12 00:25:22,2036020459,"('BMD', 'Bermudian dollar')",15.151515151515152
Lisa Smith,hamiltonjeffrey@yahoo.com,"Unit 2501 Box 4932
DPO AE 01892",Niue,Lake Patrickborough,96988,576-47-9729,Theatre director,"Nelson, Pope and Mcclain","663 Anthony River
Wagnerbury, ID 79745",Andorra,Jenniferfurt,62909,2005-12-08 15:44:06,+1-465-903-5994x14056,"('VND', 'Vietnamese đồng')",5.1020408163265305
Megan Davis,matthew33@hotmail.com,"9211 Glass Spur Suite 828
Lake Courtneyberg, NH 68609",Mexico,East Ian,74127,300-23-3474,"Teacher, secondary school","Watson, Anderson and Cook","546 Horn Shoals
South Jared, WY 42644",Cote d'Ivoire,Josephberg,03474,1981-04-19 14:09:45,+1-985-528-3448,"('ANG', 'Netherlands Antillean guilder')",18.51851851851852
Destiny Stevenson,ntodd@harris.com,"9433 Ashley Station
Taylorside, OH 22907",Puerto Rico,Lawrenceton,88368,769-29-6893,Tourist information centre manager,"Martin, Scott and Phelps","5604 Katherine Glen Suite 056
Lake Brittanymouth, NY 92541",New Zealand,New Kaitlin,12050,1997-11-01 05:26:03,(629)748-3678,"('BWP', 'Botswana pula')",6.25
Megan Jones,wguzman@wood.com,"37276 Salazar Glens Suite 187
North Henryland, SC 80563",Uganda,West Tyler,75296,588-91-8670,"Secretary, company",Porter Group,"340 Mark Skyway Apt. 932
Rushborough, IN 30259",Albania,Rogerschester,11352,2010-02-06 08:03:16,(066)422-4575x33350,"('RWF', 'Rwandan franc')",55.55555555555556
Stephanie Young,mahoneywilliam@graham.com,"PSC 7777, Box 3075
APO AA 01442",Kenya,Lake Elizabethchester,34655,772-17-7484,Network engineer,"Smith, Garner and Palmer","356 Madison Points Apt. 250
Port Danielshire, MA 19867",Czech Republic,East Ashleystad,05095,2000-11-06 02:31:38,+1-540-904-5103x0521,"('LTL', 'Lithuanian litas')",6.329113924050633
Jason Mosley,kristengonzalez@hotmail.com,"49188 Howard Ridge
West Jenniferside, AL 24777",Sao Tome and Principe,Frostport,33501,049-99-8308,"Scientist, research (maths)",Gardner-Salazar,"932 Green Common Suite 490
Paulland, WI 78781",Macedonia,Christopherside,93824,2003-05-06 14:46:49,(539)266-3319x2355,"('BRL', 'Brazilian real')",8.064516129032258
Catherine Jones,ocantu@leon.biz,"181 Billy Extensions
East Claudiamouth, IL 27820",Belgium,Stevenland,89511,175-42-9531,"Education officer, museum","Li, Spencer and Price","Unit 0995 Box 8542
DPO AA 16990",Sri Lanka,Dylanmouth,52196,2017-05-27 04:23:35,001-069-131-9778,"('MNT', 'Mongolian tugrik')",31.25
Lawrence Sanders,jodi84@gmail.com,"088 Bean Streets
New Amandaberg, NE 13128",British Indian Ocean Territory (Chagos Archipelago),West Mary,98285,054-63-2371,"Radiographer, diagnostic","Evans, Olson and Pineda","9565 Jimmy Square
West Emilyview, LA 44286",Austria,Murphychester,38601,1984-02-28 10:18:50,+1-841-052-4961x827,"('NIS', 'Israeli new shekel')",6.8493150684931505
Adam Landry,lkrause@santiago-hicks.com,"61404 Curry Passage Suite 672
Lake Taylor, VA 63827",Palestinian Territory,Johnville,43473,056-91-6105,Higher education lecturer,Davis-Beasley,"49705 Donna Glen
North Karenville, MI 23272",Guinea,Moodyview,68718,1985-05-16 00:11:47,(720)637-0351x392,"('TWD', 'New Taiwan dollar')",250.0
Robert Morris,gary41@yahoo.com,"934 Bradley Land Suite 479
Garrettbury, WV 22838",Belgium,New Gabriel,68998,384-95-5618,Clinical research associate,Marsh-Diaz,"774 John Squares
Pearsonport, CA 81437",British Indian Ocean Territory (Chagos Archipelago),Greenefurt,34629,1984-07-06 21:38:07,001-571-489-8059x1238,"('CUP', 'Cuban peso')",31.25
Lauren Murphy,anthony65@sanchez.com,"01056 Colleen Circles
South Michelleton, OH 23407",Belgium,Michaelville,39013,651-78-3741,Commercial/residential surveyor,"Richardson, Goodwin and Wilson","32160 Jones Lock
New Tylerburgh, CO 66020",Singapore,Coleview,55940,1984-06-29 00:06:55,579.327.2467x89823,"('JOD', 'Jordanian dinar')",15.151515151515152
James Choi,uanderson@hotmail.com,"908 Michelle Port Suite 009
Natashafort, DE 37946",Malawi,New Barbara,66616,050-23-6357,Geoscientist,"Hebert, Lee and Garcia","PSC 8127, Box 0945
APO AA 07711",Gambia,Fisherbury,50081,2007-01-22 08:32:58,001-938-499-7993x6258,"('SOS', 'Somali shilling')",8.771929824561404
Heather Oneal,natalie75@gmail.com,"7326 Bryant Forest Apt. 353
Sparkschester, AK 08641",Seychelles,West Tristan,06998,119-60-4526,Holiday representative,Miller-Williams,"47280 Jessica Shore
East Seanhaven, CA 59342",Mauritius,Lake Michelle,03264,2018-09-18 10:33:23,(789)781-1726,"('USD', 'United States dollar')",23.80952380952381
Helen Johnson,gelliott@hall.net,"USCGC Torres
FPO AA 21163",Bosnia and Herzegovina,Michaelfurt,37059,680-48-0894,Chemical engineer,Lee Ltd,"893 Freeman Ranch Apt. 837
South Matthewhaven, MN 09259",Sudan,Makaylafurt,55267,2009-05-31 22:33:33,+1-385-517-9831x00522,"('CVE', 'Cape Verdean escudo')",7.936507936507937
Ryan Benitez,ihayes@yahoo.com,"2162 Yoder Shoals
Keyville, VT 73327",Ethiopia,South Travistown,94194,038-60-3228,Microbiologist,Dawson Inc,"63080 Hannah Burg
Darinport, OH 83877",Timor-Leste,Johnsonville,30687,1987-06-30 19:21:29,001-392-511-0973x2790,"('SCR', 'Seychellois rupee')",7.462686567164179
Paul Chen,phillipstina@hotmail.com,"31403 Elizabeth Light Apt. 817
South Amyshire, MI 78309",Cuba,Taraland,38963,072-09-1869,Estate manager/land agent,Johnson Inc,"446 Andrea Underpass Suite 582
Lake Holly, ID 46123",Myanmar,Jamesland,88445,2003-11-27 12:07:29,6810613144,"('BZD', 'Belize dollar')",5.208333333333333
Wanda Dean,allisonvaughan@price.com,"161 Moreno Lights Suite 704
Christopherborough, VT 94610",San Marino,Lake Morganburgh,27995,226-44-7164,"Engineer, biomedical",Thomas-Riley,"74090 Kristi Throughway Suite 612
Katelynbury, NM 77837",Isle of Man,Burkefort,29696,1990-04-17 17:00:39,+1-250-610-2910,"('HUF', 'Hungarian forint')",12.820512820512821
Collin Carlson,heather22@watson-miller.com,"11674 Bush Cliffs Suite 811
Carterton, CA 73108",Benin,East Allen,73277,130-08-3557,"Journalist, magazine","James, Bradshaw and Bennett","775 Pena Mountains
Mitchellmouth, UT 73342",New Caledonia,Jamesbury,69225,2014-06-13 10:02:00,272-409-7198,"('JEP', 'Jersey pound')",50.0
Wanda Johnson,ostephenson@gmail.com,"Unit 1363 Box 0647
DPO AA 45966",Liechtenstein,Davidview,94900,059-65-3339,Garment/textile technologist,Dorsey PLC,"705 Cheryl Lock
Blairville, MT 43355",Botswana,Meyershire,69307,1989-05-01 00:56:59,001-749-782-4647x199,"('BWP', 'Botswana pula')",8.928571428571429
Sandra Hernandez,nramirez@gmail.com,"50301 Butler Turnpike
Andersonfurt, NE 61337",Central African Republic,Lake Elizabethberg,54124,602-86-2659,Financial risk analyst,Colon LLC,"972 Peck Bypass Apt. 407
West Joseph, WY 48271",Palau,West Sharonshire,63688,1984-12-23 05:06:30,+1-080-636-1898,"('XCD', 'Eastern Caribbean dollar')",5.4945054945054945
Erica Kelly,yjohnson@yahoo.com,"32374 Anthony Keys Apt. 595
West Christopher, MS 38879",Thailand,New Lauratown,20895,499-18-4425,"Psychologist, educational",Hoffman-Burton,"776 Angelica Avenue
Michaelchester, WA 38731",Gabon,Stevenberg,11669,2016-06-27 15:43:36,410-615-8890,"('KYD', 'Cayman Islands dollar')",6.756756756756757
Shane Martin,randolphjennifer@evans-khan.info,"1605 Larson Summit
Rachelville, SD 39550",Pitcairn Islands,Sarahfurt,27944,848-91-0366,Cytogeneticist,Hopkins Inc,"3045 Cummings Vista
New Dennis, MA 72341",Dominican Republic,West Samanthaborough,82216,1987-03-21 20:07:18,645-422-4424x423,"('KPW', 'North Korean won')",9.615384615384615
Susan Young,tlee@yahoo.com,"3417 Heather Mountains
Tiffanymouth, LA 40798",Heard Island and McDonald Islands,West Crystal,62504,216-03-9789,Biomedical scientist,Ramirez PLC,"33183 Becky Key
Terryborough, CT 92506",Albania,East David,06975,2006-12-07 17:27:46,+1-581-153-8283x001,"('GHS', 'Ghanaian cedi')",11.363636363636363
Stacie Yates,jordanwatson@roth.com,"Unit 3862 Box 4008
DPO AP 83066",Nauru,Andersonborough,74489,474-13-7609,Counselling psychologist,Johnson-Cummings,"52376 Luna Skyway Apt. 229
Coreyborough, MI 97448",Maldives,North Christopher,61871,1991-09-12 08:02:01,652-962-7314x6226,"('AWG', 'Aruban florin')",7.042253521126761
Mrs. Michelle Sharp DVM,rogersmichael@cannon-castillo.info,"3624 Samuel Fall
North Benjamin, WA 25709",Tajikistan,Youngview,87536,385-74-7289,Air cabin crew,Gonzalez-Stevens,"1661 Scott Path
New Jacquelineview, MO 98120",France,Vincentside,34180,2004-05-20 15:40:25,414-267-3729,"('SBD', 'Solomon Islands dollar')",25.0
Lisa Harris,tgraham@gomez.org,"73840 Williams Spur
East Benjamin, NJ 33198",Eritrea,East Karlaburgh,77963,304-08-2559,Corporate investment banker,"Stark, Cook and Rios","26435 Berger Crest
South Melissa, KS 05422",Congo,Sandersshire,52707,1976-08-13 05:17:17,(278)660-0789x98246,"('MXN', 'Mexican peso')",5.2631578947368425
Andrew Schmidt,dalemckenzie@yahoo.com,"0154 Ward Island
Port Michellestad, DE 33582",Tonga,Guerrerofurt,12873,140-44-8904,"Optician, dispensing","Evans, Cortez and Ramirez","033 Donovan Road Suite 486
West Danielmouth, MI 22689",Guyana,Lewisland,51930,1981-01-15 19:13:55,(336)829-8338x7252,"('BRL', 'Brazilian real')",22.727272727272727
Justin Miller,cowankristen@johnson.org,"5011 Lyons Terrace
Robinside, MT 62170",Jamaica,East Jacobview,36325,591-13-4270,Air broker,"Burns, Martin and Delacruz","15777 Montgomery Isle
New Cynthia, TN 86595",Solomon Islands,Hensleybury,20907,1990-09-29 16:24:39,001-583-525-9762x5826,"('CUC', 'Cuban convertible peso')",50.0
James Brewer,jill12@yahoo.com,"199 Wise Loaf Apt. 652
Hillview, FL 06225",Guadeloupe,Davidsonside,89225,576-75-3952,Chartered certified accountant,"Rodriguez, Ryan and Clements","PSC 3227, Box 8647
APO AE 53336",Libyan Arab Jamahiriya,East Lindsey,71315,1971-03-03 12:06:14,128-734-2865,"('GNF', 'Guinean franc')",500.0
Lisa Becker,ruth31@moses-mitchell.net,"12797 Samuel Ridges
Lake Emily, AR 25093",Japan,New Gregory,41937,898-80-9617,Health service manager,Miller-Nelson,"806 Cook Avenue Suite 435
South Melissamouth, VT 08794",Latvia,Scottville,37939,1975-10-13 00:07:31,(337)851-9626x522,"('CUP', 'Cuban peso')",26.31578947368421
Eric Spears,bootherin@hernandez.net,"105 Sparks Roads
Sharitown, KY 20857",Thailand,Gillland,94825,005-39-6694,Financial controller,Reid and Sons,"150 Gabrielle Overpass Apt. 919
West David, HI 18666",Jersey,Port Anna,40539,2001-04-11 01:33:47,2145987359,"('GBP', 'Pound sterling')",33.333333333333336
Kelly Fry,benjaminclarke@henderson-werner.com,"USCGC Pratt
FPO AA 58367",Aruba,New Anneborough,83004,709-73-1523,Office manager,"Moore, Brown and Chavez","089 Morton Coves Suite 524
Youngburgh, WA 07403",Jordan,Amandaland,04135,1978-11-15 21:55:58,+1-948-406-3879,"('BDT', 'Bangladeshi taka')",31.25
Crystal Andrade,robinsonstephanie@harrison-dickson.com,"35149 Tammy Union
Lake Jeffery, NE 13190",Luxembourg,South Johnnyland,71616,519-60-5513,"Psychologist, counselling",Mitchell-Kelley,"778 Andrew Pine
North Jenniferburgh, OR 73477",Botswana,East Emilychester,64470,2013-07-13 13:08:31,522-745-7837x78981,"('TJS', 'Tajikistani somoni')",7.142857142857143
Bradley Vazquez,mary11@espinoza-kidd.org,"69780 Browning Flats Suite 634
Dominguezbury, OR 64211",Kuwait,Christopherton,90724,419-03-8916,Optometrist,"Mcdonald, Collins and Sullivan","615 Gutierrez Inlet
West Connormouth, WA 59148",Libyan Arab Jamahiriya,Reneeport,09344,1994-12-06 17:42:49,+1-960-209-3384,"('BBD', 'Barbadian dollar')",6.578947368421052
Rhonda Robinson,nicolemoore@yahoo.com,"23054 John Loop
Johnsonstad, NE 19522",Algeria,East Amandaview,28844,029-67-6359,"Pilot, airline","Perry, Rogers and Anderson","73677 Ronnie Glens
East Adam, NY 79609",Wallis and Futuna,Lake Denise,17532,1986-07-26 08:47:32,001-872-446-2584x740,"('XAF', 'Central African CFA franc')",9.615384615384615
Rita Savage DDS,stacyferguson@hotmail.com,"264 Martinez Crossing Apt. 281
East Shannon, VA 14691",British Indian Ocean Territory (Chagos Archipelago),East Thomas,82679,021-27-4947,Dance movement psychotherapist,Nichols-Wilson,"0491 Johnson Spurs
South Lindseyberg, MO 76955",Sri Lanka,Cindyport,98732,1993-06-27 17:09:38,047-440-1985,"('CUC', 'Cuban convertible peso')",20.0
Zachary Hall,eric45@yahoo.com,"895 Samuel Burgs
Edwardfort, WI 14105",Mongolia,Obrienfurt,37737,735-56-7194,Oceanographer,Lee and Sons,"63977 Jeffrey Estate Apt. 464
Williamsview, CT 49114",Cameroon,Frostview,74263,2014-10-18 05:23:59,676-027-3153,"('NZD', 'New Zealand dollar')",6.578947368421052
Leslie Buchanan,carrie67@yahoo.com,"445 Kristin Estate Suite 485
Zacharyburgh, WV 81396",Ethiopia,East Kylieborough,41982,839-74-1785,Medical sales representative,"Lang, Flores and Baker","0734 Micheal Circle Suite 633
Cookmouth, ID 14928",Uzbekistan,North Mollychester,44156,1973-02-11 06:34:14,001-179-954-2646x723,"('HUF', 'Hungarian forint')",5.376344086021505
Greg Harvey,shannon04@roth.com,"766 Brown Square Apt. 180
East Michael, WA 63361",Norfolk Island,Justinton,42603,822-77-1628,Warden/ranger,Marquez Ltd,"57372 Mark Trail
Lake Stephanieton, ID 42106",Comoros,New Taraport,27149,2010-09-12 00:39:51,001-877-626-5472x96283,"('LYD', 'Libyan dinar')",6.329113924050633
Tiffany Garcia,dbrock@case.net,"PSC 4920, Box 8853
APO AP 90737",Wallis and Futuna,Port Jeffreyshire,34897,808-36-6583,Equities trader,Williams-Rangel,"8915 Reese Valley
Annaberg, NV 63804",Croatia,West Bradland,58097,2013-03-23 07:19:16,+1-698-367-2547,"('BDT', 'Bangladeshi taka')",6.4935064935064934
Sarah Hoover,qhubbard@vincent.com,"333 Nicholson Run Suite 403
Victoriabury, NC 49587",China,Jameshaven,92857,471-82-9575,Ergonomist,"Chapman, Thomas and Mullins","43544 Benton Skyway
Kinghaven, NC 84824",Australia,New Johnburgh,60737,1972-09-11 14:22:38,351-382-3645,"('KES', 'Kenyan shilling')",14.285714285714286
Kristina Bailey,russell44@gmail.com,"181 Carpenter Bridge Apt. 101
Josephchester, WI 07548",New Caledonia,Jenningshaven,23173,833-65-9956,Housing manager/officer,Gallegos PLC,"1059 Williams Key
Dunnhaven, TN 65733",United States Virgin Islands,Lake Renee,96687,1993-08-08 23:13:08,(397)863-1358x3800,"('JEP', 'Jersey pound')",8.064516129032258
Mark Adams,annerandall@arroyo.com,"278 Nichole Squares Suite 601
Erikachester, VA 15110",Mozambique,Lisafurt,74739,308-70-1357,Civil Service administrator,Burke-Rowland,"6724 Villegas Curve Apt. 131
New Matthew, DC 04383",Albania,Jasonton,65733,1976-09-12 07:48:06,(667)592-1864,"('SHP', 'Saint Helena pound')",6.097560975609756
Daniel Howard,tiffany69@cook.com,"37880 Wade Forest Apt. 250
Brandonfort, AL 53021",Bermuda,Devinside,28042,597-97-2632,Health physicist,Pope-Robertson,"Unit 6309 Box 3430
DPO AA 11802",Pakistan,Davidsonburgh,71769,2004-06-15 12:13:11,(302)415-4058x6683,"('KES', 'Kenyan shilling')",125.0
Jamie Smith,gmoss@yahoo.com,"23030 Le Throughway Apt. 609
Lake Robertview, AL 43249",Montserrat,Peterview,35477,404-26-3580,Photographer,Nelson Inc,"68970 Angela Landing
Allenland, CT 27624",Samoa,North Michael,32676,1989-08-15 12:32:38,+1-430-406-8916x3648,"('XCD', 'Eastern Caribbean dollar')",7.246376811594203
Heather Garner,ayoung@hotmail.com,"7625 Diaz Fork Apt. 098
Sanchezburgh, NE 10029",Jersey,Millershire,18985,520-22-8570,Energy engineer,"Ray, Jones and Nguyen","PSC 8164, Box 7764
APO AP 39892",Saint Lucia,Vaughnfurt,41232,2000-12-05 06:00:20,(283)792-2702x329,"('SZL', 'Swazi lilangeni')",13.88888888888889
Christopher Walker,zzuniga@franklin.com,"7699 Lee Isle Apt. 616
North Gwendolyn, DE 11204",Netherlands Antilles,Evanburgh,83523,777-89-0773,Quality manager,Jackson-Paul,"00764 Donna Walks
Smithland, MI 56565",Croatia,Briannaland,65914,1980-12-04 16:44:42,(528)074-4281x26086,"('GEL', 'Georgian lari')",11.627906976744185
Elizabeth Harvey,katiebaker@yahoo.com,"PSC 9967, Box 9472
APO AE 37202",Timor-Leste,Lake Michael,45637,348-81-5429,"Optician, dispensing",Thomas Group,"923 Mueller Trail
Figueroaside, ND 63307",Equatorial Guinea,Kathyland,82898,1989-06-28 01:13:41,(521)454-0756,"('WST', 'Samoan tālā')",125.0
Matthew Solis,karen54@jackson-herring.biz,"7818 Valerie Alley
North Raymond, AK 52173",Estonia,Westborough,53159,628-52-4618,"Horticulturist, commercial",Bird Inc,"5701 John Divide
Adrianberg, MT 22427",Yemen,New Luisview,04498,2000-09-07 13:03:41,(844)962-4613,"('KMF', 'Comorian franc')",13.157894736842104
Julie Barnes,harmonlisa@gmail.com,"1653 Walter Ports Apt. 391
New Tony, VT 36470",Saudi Arabia,Levitown,14846,879-87-0022,"Librarian, academic",Avila-Cherry,"25094 Arnold Trail Suite 497
West Meaganberg, AK 95105",Latvia,Perryfurt,95325,1983-02-19 11:36:21,360.550.9693,"('CAD', 'Canadian dollar')",6.172839506172839
Justin Clayton,elijah03@hotmail.com,"41114 Thomas Fords Suite 478
North Luke, MO 76538",Tajikistan,East Rachael,47193,111-72-1133,Corporate investment banker,Watson LLC,"178 Tyler Glens Suite 665
New Stephenmouth, AR 17767",Cyprus,Port Tiffany,22465,2000-01-12 07:54:58,422-197-5860x797,"('DJF', 'Djiboutian franc')",9.615384615384615
Robert Cuevas,angela69@hotmail.com,"07087 Timothy Turnpike Apt. 430
Smithbury, WY 77071",British Indian Ocean Territory (Chagos Archipelago),Youngberg,24496,443-77-1826,Adult guidance worker,Diaz-Yates,"PSC 9678, Box 2868
APO AE 23964",Malawi,Carpenterburgh,44902,2004-01-21 09:27:55,688-850-9988x906,"('VEF', 'Venezuelan bolívar')",19.23076923076923
Ashley Turner,kelsey45@hotmail.com,"901 Jones Wall Suite 771
New Nicoleport, MI 07156",Antigua and Barbuda,Hudsonside,20368,735-50-4892,"Therapist, art",Fields-Reid,"8741 Katelyn Course
Huntermouth, NY 13078",Holy See (Vatican City State),Port Christy,59589,2011-04-27 15:06:03,+1-374-813-3346x35235,"('RUB', 'Russian ruble')",8.928571428571429
Chelsea Thomas,riveratony@gmail.com,"178 Justin Shoals Suite 069
West Mark, MT 41565",Kuwait,Myersburgh,11662,698-66-8798,Recycling officer,"Pena, Norris and Stevens","580 Ann Corner
Port Kaitlin, TN 16181",Tuvalu,Beardfurt,11583,2004-05-06 00:07:46,+1-544-607-5628x450,"('TOP', 'Tongan paʻanga')",5.9523809523809526
Jeremy Nguyen,ajenkins@gmail.com,"7908 Smith Stream
Andreashire, WI 04416",Isle of Man,East Rogerfort,08994,294-86-5495,Set designer,"Bennett, Rivers and Santos","07904 Barbara Forks Suite 358
Brianside, IN 36707",Benin,Christopherport,98083,1998-01-08 16:38:35,956.141.6033x934,"('RUB', 'Russian ruble')",13.157894736842104
Ronald Soto,duncandaniel@hotmail.com,"5114 Brown Falls
Colemouth, IL 63553",Brunei Darussalam,Lake Adam,31130,201-53-6090,Exhibition designer,Morrison Inc,"334 Robert Center
Gregorymouth, DE 96037",Tonga,South Chadmouth,75641,1979-05-10 08:58:36,373-680-9702x73815,"('SRD', 'Surinamese dollar')",17.24137931034483
Sara Allen,benjamin63@gmail.com,"7099 Gregory Cape
West Kyle, NE 71791",Gambia,Lake Jenniferfort,54197,110-81-5658,"Lecturer, further education","Harris, Long and Kim","740 Rivas Vista Apt. 354
Davisshire, NJ 59798",Bouvet Island (Bouvetoya),North Nicholas,70357,1975-04-25 21:55:31,(635)573-1318x1528,"('MNT', 'Mongolian tugrik')",5.05050505050505
Alexander Bennett,ykelley@rodriguez.org,"335 Santos Drives Suite 047
North Stanleymouth, IL 08343",Andorra,Nicholashaven,72069,200-73-2897,Call centre manager,"Beck, Gay and Williams","86924 Holt Creek
Gilmoreville, DE 20136",Saint Kitts and Nevis,Port Michael,77182,2008-11-05 21:09:11,365-792-4782x47012,"('SBD', 'Solomon Islands dollar')",31.25
Norman Davis,courtney34@jordan-rollins.com,"34207 Charles Lodge Apt. 027
New Nicholasfurt, CA 48560",Botswana,Jesushaven,62506,400-12-7155,"Accountant, chartered management","Taylor, Anderson and Bell","9718 Tina Fort
Lake Benjamin, IN 92540",Egypt,Gomezstad,21472,2017-01-15 08:29:35,387.681.3121,"('FKP', 'Falkland Islands pound')",38.46153846153846
Alejandro Larsen,harrisonwilliam@baird-miller.net,"00515 Linda Dale
East Emilybury, MN 75509",Lebanon,South Lorettaland,59430,865-86-6358,Ceramics designer,"Lee, Williams and Powers","Unit 3776 Box 1975
DPO AA 56300",Bosnia and Herzegovina,New Ricky,80420,1986-08-03 21:13:05,001-916-468-4454,"('NPR', 'Nepalese rupee')",5.9523809523809526
Mary Callahan,amanda24@hotmail.com,"53570 Whitney Turnpike Suite 111
Santosside, IL 77382",Cook Islands,Brownborough,04531,868-07-0852,"Biochemist, clinical",Hernandez-Meyers,"3741 Garcia Greens
New Chadbury, IA 75393",Libyan Arab Jamahiriya,Lake Marcushaven,98891,2005-01-14 07:55:10,669-978-3945,"('PHP', 'Philippine peso')",6.097560975609756
Priscilla Moore,loretta58@spence.com,"0084 Stephanie Bridge Apt. 639
North Brandonville, TX 82047",Belize,Lake Laurieside,80438,798-98-5641,"Engineer, technical sales","Mcguire, Hernandez and Lee","6644 Carla Rapid Apt. 375
Jonesmouth, MD 79470",Panama,New Sandraview,85884,2013-11-06 11:15:54,+1-779-649-4295x0992,"('KES', 'Kenyan shilling')",13.157894736842104
Glenn Dickerson,patricia01@murray.info,"079 Brock Pines
South Jessicafurt, GA 16884",Andorra,West Anne,73594,554-32-5143,Medical secretary,"Thompson, Webb and Wilson","906 Moon Meadows
West Dustinhaven, NY 35748",Nepal,Lake Lauren,18091,2016-07-19 19:04:47,+1-751-706-6927x19396,"('ISK', 'Icelandic króna')",8.771929824561404
Luis Moore,olsonchristopher@robinson.net,"08032 Golden Springs Apt. 377
North Richard, DC 97279",South Georgia and the South Sandwich Islands,Williamsberg,63074,097-63-8100,"Engineer, biomedical","Santos, Moore and Murray","7438 Samuel Run Suite 743
Lake Jennifer, IN 38027",French Southern Territories,Port Carlosville,81536,2017-02-09 22:08:26,+1-236-935-9646,"('TND', 'Tunisian dinar')",100.0
Leslie Patterson,donald36@mullins-porter.com,"PSC 6757, Box 1813
APO AP 80805",Chile,East Tammyport,56293,889-11-5811,Commercial horticulturist,Castaneda-Hurley,"016 Annette Meadows Suite 115
Michaelfort, AL 72647",Qatar,Rogersland,06757,2000-06-07 14:05:52,+1-398-347-8370x42870,"('PEN', 'Peruvian sol')",100.0
Colleen Anderson,rodriguezderek@moreno-gray.com,"030 Chapman Villages Suite 444
West Tina, RI 00562",Solomon Islands,Lake Kathrynhaven,41195,371-93-2018,Secondary school teacher,"Salas, Duke and Osborne","194 Daniel Pine Suite 555
Port Jamesstad, CT 37644",Senegal,Jamesburgh,81840,1974-09-17 18:16:18,+1-996-446-9066x9728,"('KYD', 'Cayman Islands dollar')",14.285714285714286
Mary Hahn,andreamorrison@gregory-wallace.com,"621 Laura Fields
Wisechester, FL 78348",Iceland,Figueroaberg,22818,034-70-8868,Primary school teacher,Wright-Evans,"06695 Gary Ports
Randyside, NE 72754",Kazakhstan,Port Derekmouth,51749,1990-01-20 23:15:06,(233)391-6591x597,"('MDL', 'Moldovan leu')",38.46153846153846
Alexandria Klein,roberthale@gmail.com,"2167 Laura Road
North Lisaport, HI 25897",Aruba,West Kimberly,29858,263-82-1039,Merchant navy officer,"Duncan, Lam and Cox","65784 Gregory Pass Suite 217
Brandonborough, AZ 63247",Chad,Greeneland,27490,2016-02-14 02:40:54,+1-554-525-8715x45646,"('TZS', 'Tanzanian shilling')",9.615384615384615
Jennifer Cantrell,aliciarobinson@gmail.com,"9882 Carter Lights
East Brandy, AL 67840",Belgium,Lake Alexander,08647,743-78-8816,Sales promotion account executive,"Ferguson, Griffith and Sharp","PSC 8102, Box 8696
APO AE 01449",Croatia,Wardport,84830,1978-04-02 02:32:47,+1-777-833-1241x35720,"('SYP', 'Syrian pound')",9.803921568627452
James Booker,ppatrick@yahoo.com,"00620 Ward Motorway Apt. 848
Jaredton, VT 29907",Argentina,South Gregoryview,38619,516-86-3631,Risk manager,Douglas Inc,"582 Randy Place
Fernandezland, OH 27487",Congo,New Megan,29491,1997-09-28 09:20:46,001-254-446-4528x5664,"('BYR', 'Belarusian ruble')",250.0
Dustin Skinner,tsmith@collins.com,"2239 Brooke Island
New Bethany, TN 41148",Jersey,West Barbara,38359,219-58-7504,Medical sales representative,Stewart-Robinson,"755 Hunter Plaza
East Tracy, OR 73070",Nigeria,Aliciaport,40824,2013-01-17 15:44:37,717-220-3164,"('XOF', 'West African CFA franc')",5.376344086021505
Anna Wade,blake23@gmail.com,"4628 Hall Dale
Port Stephanieshire, NC 39826",Slovenia,Katelynmouth,13600,574-53-9693,Armed forces logistics/support/administrative officer,Walker PLC,"6239 Duncan Plaza Apt. 529
West Alexander, KY 42224",Lao People's Democratic Republic,Hawkinsmouth,05943,1986-11-15 16:22:34,001-772-723-5554x7881,"('PHP', 'Philippine peso')",9.433962264150944
Alicia Hines,marshallcaitlyn@keller.com,"Unit 5354 Box 3203
DPO AA 66059",Namibia,Chadfurt,68080,043-71-7764,Corporate investment banker,Scott Ltd,"333 John Streets Apt. 967
Lake Laurastad, OK 31039",United States of America,South Gary,51647,1974-09-23 03:40:25,001-201-843-5439,"('UYU', 'Uruguayan peso')",7.936507936507937
Christian Wright II,thomas90@yahoo.com,"60479 Chelsea Mount
Thompsonborough, OR 28096",United Kingdom,East Jasonchester,50093,617-87-5287,Professor Emeritus,Cantrell LLC,"7319 May Corner Apt. 128
West Michael, MS 19619",Saudi Arabia,North Erin,74920,2011-07-30 16:10:49,(187)939-6559x256,"('CZK', 'Czech koruna')",12.195121951219512
Jillian Adams,melaniejackson@hotmail.com,"7918 John Flat
Nathanshire, AR 03233",Libyan Arab Jamahiriya,Davidport,45923,273-05-8178,"Engineer, materials","Caldwell, Walker and Gonzalez","267 Craig Court Apt. 556
Lake Chelsea, IN 00655",Congo,South Cheyenne,54728,1991-03-11 15:08:40,+1-691-636-4066x07992,"('MGA', 'Malagasy ariar')",10.869565217391305
Stephanie Collins,jeremy63@gmail.com,"1878 Little Ramp
Tinashire, UT 80171",Serbia,New Warrenport,25438,185-49-1660,Chief Technology Officer,"Clark, Villegas and Simmons","5936 Briggs Shores
East Ericland, WY 33574",Hong Kong,Kimberlychester,80746,1984-03-03 16:21:23,001-426-248-7476,"('AZN', 'Azerbaijani manat')",5.434782608695652
Brittney Bryant,waguilar@hotmail.com,"9366 Daniel Ports Apt. 481
Johnsonside, DE 43248",Korea,Danielland,43770,238-75-7530,Public house manager,Lewis-Fuentes,"PSC 5769, Box 8218
APO AP 68448",Gambia,East Laura,42750,2018-03-27 16:09:22,001-624-585-9413x46975,"('PKR', 'Pakistani rupee')",8.928571428571429
Dean Everett,xmcdaniel@yahoo.com,"6927 Dalton Streets
Jermainetown, SC 90277",Tanzania,Wilsonview,44002,113-09-0344,Seismic interpreter,Taylor-Charles,"898 Brianna Meadow
East Nancyville, MA 48090",Maldives,Lake Richardborough,93638,1996-01-03 14:51:27,939.665.8524x43715,"('BOB', 'Bolivian boliviano')",100.0
Justin Brown,brenda53@yahoo.com,"89776 Smith Green Suite 620
Dawnview, KS 44174",Mexico,Kellytown,23427,164-39-2931,Theatre manager,Best-Smith,"41424 Denise Bridge Suite 209
Bauerport, AL 33417",Panama,West Raymond,96783,1993-05-15 02:40:40,+1-368-661-3271x454,"('AED', 'United Arab Emirates dirham')",9.090909090909092
David Bernard,dixonjeffery@yahoo.com,"724 Barr Trafficway Suite 488
New Garychester, MA 29770",Cocos (Keeling) Islands,Jessicafort,10202,636-02-5411,"Surveyor, minerals","Lowe, Walker and Smith","2419 Christian Plaza
Michaelport, UT 97148",Fiji,Mileschester,91345,1972-07-09 02:12:07,+1-573-419-6357,"('EGP', 'Egyptian pound')",11.627906976744185
David Gentry,courtney23@hotmail.com,"5259 Chad Stravenue Suite 586
Phelpsmouth, IL 12076",Kuwait,South Henry,73882,755-08-7922,"Engineer, aeronautical",Carter-Allison,"620 Richmond Island Apt. 957
New Marc, UT 97784",Martinique,South Maryville,67275,1983-01-01 20:07:32,(543)080-4299x56383,"('BMD', 'Bermudian dollar')",7.575757575757576
David Farrell,hcochran@abbott.biz,"3636 Johnson Neck
North Jamie, CT 02116",Cook Islands,North Harry,75948,717-46-3316,"Journalist, broadcasting",Olson Group,"334 Nathaniel Underpass
New Brendanmouth, HI 65644",Iceland,Port Maryborough,35467,1985-07-04 18:57:09,711-396-2711,"('PHP', 'Philippine peso')",6.8493150684931505
Matthew Crawford,reedjerome@hotmail.com,"965 Payne Shoal Apt. 596
North Abigailborough, NV 17537",Malta,Lake Sharon,35020,685-83-3556,Sub,King PLC,"7178 Robinson Extensions Suite 723
Alexandrahaven, MI 39281",Mexico,South Jefferyland,16768,2003-08-10 06:12:26,001-491-383-5923x4039,"('ZAR', 'South African rand')",13.157894736842104
Michael Blackburn,gdavenport@king.com,"PSC 7245, Box 0404
APO AP 22215",French Guiana,East Bradley,09674,571-17-0796,"Scientist, research (medical)",Rivera Group,"PSC 3423, Box 0285
APO AP 87325",Peru,Lindsaymouth,76293,2006-08-16 16:59:50,8732564716,"('CHF', 'Swiss franc')",35.714285714285715
Renee Reynolds,frodriguez@roth.info,"127 Butler Keys
New Jenniferfurt, KS 87935",Romania,West Matthew,94091,699-10-4765,"Psychologist, counselling",Johnson and Sons,"1279 Brian Isle Suite 026
Evanfurt, LA 83921",Japan,Stephanieville,95745,2009-05-03 08:32:30,958-644-8977x1957,"('VND', 'Vietnamese đồng')",27.77777777777778
Kathryn Love,perezrichard@anderson.com,"8020 Duncan Harbors Apt. 399
Gonzalezview, MA 24255",Libyan Arab Jamahiriya,Laurenport,46819,702-53-3347,Acupuncturist,Allen LLC,"426 Daniel Estate Suite 123
North Benjaminbury, NJ 54139",Fiji,Joshuafurt,35370,1990-01-29 10:07:48,018-161-0883x8968,"('SDG', 'Sudanese pound')",5.05050505050505
Lisa White,taylor15@murphy-zamora.com,"770 Bowman Ridge Suite 222
Barbaraville, IN 84823",Burundi,Quinnland,14175,548-28-4353,Camera operator,"Peters, Branch and Contreras","210 David Causeway Suite 048
Claytonshire, OH 02732",Cuba,Kimberlyton,89782,2003-11-05 14:15:50,(045)725-7218,"('JMD', 'Jamaican dollar')",26.31578947368421
John Campbell,robert19@hotmail.com,"087 Lewis Hill
Charlenestad, DC 69738",Christmas Island,Riveramouth,27253,702-07-3374,Probation officer,Marsh and Sons,"0384 Andrew Lodge
East Richard, MO 62099",Canada,South Jenniferview,75040,1980-04-11 08:53:51,(877)649-4718x4270,"('CUC', 'Cuban convertible peso')",7.352941176470588
Holly Thornton,mariah79@hotmail.com,"922 Ronnie Groves
South Tina, RI 38733",Tokelau,Alexanderfort,82077,186-62-8348,Database administrator,"Hanna, Chang and Fitzgerald","8293 Cisneros Roads Apt. 511
Kaneville, PA 54474",Ethiopia,Garrisonborough,92248,1984-10-02 22:09:21,342-279-2731,"('MRO', 'Mauritanian ouguiya')",6.8493150684931505
Brian Lee,debra77@jensen-baldwin.com,"424 Hull Burg Suite 258
Savannahview, AL 47977",Palestinian Territory,Mcdonaldhaven,89845,104-35-0288,Clinical cytogeneticist,Evans Group,"424 Sonya Plaza Suite 342
Grayport, LA 04349",Ghana,East Shelley,30441,2010-10-08 12:10:42,001-614-512-6160x62935,"('MMK', 'Burmese kyat')",14.705882352941176
Edwin Williams,imartinez@richardson.com,"38227 Nguyen Centers Apt. 261
North Tonyfurt, VA 82239",Cocos (Keeling) Islands,Barkerside,70108,312-86-3273,Environmental consultant,Smith-Davis,"96392 Stefanie Neck
Barrport, OR 42564",Ethiopia,North Jennafurt,60942,2011-04-05 08:18:56,3801064075,"('SPL', 'Seborga luigino')",10.416666666666666
Janet Murray,tiffany55@hotmail.com,"37656 Perez Spur Suite 973
North Marissamouth, MD 09350",Palestinian Territory,East Anthonyside,97496,222-82-5334,Graphic designer,Simon-Maxwell,"514 Sharp Dale
Nicoleshire, NV 38015",China,Lake Josestad,39699,1974-01-19 12:50:37,915.542.9922,"('AZN', 'Azerbaijani manat')",12.195121951219512
Jennifer Murphy,sherri51@lopez.com,"USNS Hart
FPO AA 99458",New Zealand,Janicehaven,65346,147-75-8127,Fine artist,"Perez, Jackson and Kirk","0083 John Ramp
Sotoville, SC 43367",Tunisia,East Carrieport,31516,2007-10-04 18:35:33,+1-489-328-0099x3729,"('PYG', 'Paraguayan guarani')",5.882352941176471
Brian Smith,maryfoster@villanueva.biz,"PSC 9168, Box 9738
APO AP 39770",Nauru,East Robertoville,98498,597-01-2451,Race relations officer,"Peters, Faulkner and Rojas","43883 Gray Lights
Amberburgh, AK 61197",Bolivia,East Kristen,36169,1994-01-04 05:56:49,(489)713-6010x8142,"('LAK', 'Lao kip')",6.8493150684931505
Gary Lawrence,meganstephenson@yahoo.com,"35780 Grimes Square Apt. 530
South Andre, SC 64164",Venezuela,New Jack,92297,445-82-3989,Psychiatric nurse,Morse PLC,"50300 Katie Lakes
Foleytown, RI 75574",Northern Mariana Islands,Smithshire,72932,1989-11-18 17:18:21,(312)206-2259,"('GMD', 'Gambian dalasi')",500.0
Wendy Carr,baguilar@gmail.com,"523 Faulkner Grove Apt. 455
North Katiebury, KS 89828",Pakistan,North Russell,36186,405-17-9438,Soil scientist,"Meyers, Schroeder and Miller","26853 Flores Ferry Apt. 750
East Christina, NC 84014",Mauritania,North Andrew,64762,1984-07-16 20:21:46,549.438.5974x0309,"('HNL', 'Honduran lempira')",38.46153846153846
Matthew Haynes,stevenrodriguez@fuller-williams.com,"96324 Connie Light Apt. 872
Justinborough, MT 31448",Tanzania,Acostafurt,71705,168-30-6110,Passenger transport manager,"Burgess, Jenkins and Miranda","309 Charles Isle
Port Donnatown, WA 49293",Belgium,New Stevenborough,49928,1977-02-23 16:51:49,(696)441-0610x3458,"('MKD', 'Macedonian denar')",55.55555555555556
Jennifer Cardenas,ogonzalez@gmail.com,"77271 Williams Divide Suite 915
Ericaport, IN 76479",Maldives,Port Brandyhaven,64217,653-63-5385,Prison officer,"Gamble, Barton and Garrison","8199 Bryan Mountains Suite 231
New Andrewburgh, OH 57100",Afghanistan,Reedport,41669,2005-02-04 15:10:52,127-337-3631x1046,"('MKD', 'Macedonian denar')",25.0
Robin Garrett,bchavez@mcgrath-williams.info,"8925 Brooke Shoals Apt. 041
Campbellborough, NE 46516",Liberia,Lake Emily,05772,750-25-3021,Adult nurse,"Thomas, Andrade and Thomas","9410 Julie Lane Apt. 497
East Michaelborough, AR 70804",Moldova,Port Alexander,27341,1974-01-14 00:45:24,061-285-1203x3712,"('LYD', 'Libyan dinar')",5.4945054945054945
Paul Zimmerman,kathleen78@hotmail.com,"5008 Harris Harbors Apt. 547
Lake Veronicafurt, IA 43635",Trinidad and Tobago,New Charles,67848,579-04-3866,Insurance underwriter,Rios PLC,"0038 Walter Estates
Martinezmouth, MD 93194",Uzbekistan,North Josephtown,78804,1987-01-18 04:22:05,041.203.1090x9220,"('TND', 'Tunisian dinar')",9.433962264150944
Amber Stanley,amiller@gregory.com,"3530 Logan Ford
Collinsstad, CO 02318",Senegal,East Markstad,54383,494-71-8147,Materials engineer,Ortega and Sons,"158 Walters Freeway
Lake Jesus, AK 86423",Wallis and Futuna,Michellehaven,68026,1973-01-25 01:39:34,888.800.6201x63389,"('AUD', 'Australian dollar')",14.705882352941176
Alexis Steele,vincentdaniel@yahoo.com,"310 Pugh Garden
North Lorraine, AR 80740",Isle of Man,Smithborough,77572,307-99-4604,Civil Service administrator,"Johnson, Wilson and Taylor","38149 Marks Oval
New Robert, AZ 68338",Maldives,North Meganborough,63372,1971-06-27 16:56:03,+1-737-589-1103x306,"('LYD', 'Libyan dinar')",14.285714285714286
Paul Garcia,tzuniga@hotmail.com,"PSC 8867, Box 6697
APO AE 11035",Cayman Islands,Port Timmouth,17199,103-62-7259,Analytical chemist,Spencer-Dawson,"14406 Wood Stravenue
Tannerstad, HI 89086",Greece,New Scott,78513,1988-06-29 07:45:20,0931930714,"('NIO', 'Nicaraguan córdoba')",100.0
Lisa Bailey,angela99@walter.biz,"888 Bowman View
Lake Scott, SD 84267",Czech Republic,Matthewbury,66063,640-62-2279,Corporate investment banker,Smith LLC,"4160 Lewis Estate
East Samuelmouth, MO 65999",Niger,Kramerville,68507,1977-02-10 04:39:11,(780)510-4395,"('HUF', 'Hungarian forint')",6.097560975609756
Joy Benjamin,iwhite@brown.com,"341 Jennifer Row
East Nicholaschester, WV 70175",Italy,Lake Kimberlychester,06160,078-41-8358,Seismic interpreter,Wright PLC,"7578 Dunn Mews Apt. 713
Lake Harryberg, RI 39653",Bahamas,Munozfurt,18286,1983-07-19 13:52:57,491.876.5708x8060,"('KGS', 'Kyrgyzstani som')",13.88888888888889
Kenneth Padilla,moranbrian@davis.info,"109 Jonathan Dale Suite 519
Bryantown, NC 17721",Palau,Lisachester,35947,676-95-6442,Financial adviser,Ford-Mcmahon,"19664 Rodriguez Springs Apt. 738
Barkerton, IL 39427",Peru,Andersonborough,76942,1972-09-13 07:09:29,116-943-4607,"('CAD', 'Canadian dollar')",26.31578947368421
Mrs. Amy Gardner,wilsonryan@hotmail.com,"8738 Garrett Summit Apt. 911
West Sarah, DE 05455",Isle of Man,Johntown,30523,470-07-3562,Sports therapist,Patton PLC,"8235 Nicole Plaza
South Gabrielle, VT 88206",Germany,Port Ashleyville,02067,1972-03-08 08:15:01,468-909-5068,"('NPR', 'Nepalese rupee')",50.0
Ashley Hughes,wilsonjohnny@sanders.net,"34045 Sara Row
Scottport, TN 81586",Netherlands Antilles,Port Mary,35360,179-13-8390,Public affairs consultant,Dunn-Duran,"903 Michelle Prairie
Bryantview, UT 54517",Mongolia,Joshuastad,08859,2013-12-20 20:44:28,932.399.2839,"('NGN', 'Nigerian naira')",29.41176470588235
Emily Johnson,maria06@gmail.com,"472 Buchanan Point Apt. 864
Bobbychester, MI 86539",Eritrea,West Ann,28174,792-36-3979,Garment/textile technologist,Giles-Thomas,"1224 Anderson Mill Apt. 927
Williamsview, LA 39046",Saint Helena,North Jack,74241,1987-02-25 13:11:22,(313)675-3859x650,"('SEK', 'Swedish krona')",5.434782608695652
Victoria Cox,williamortiz@gmail.com,"5857 Kimberly Meadow Apt. 661
Abigailmouth, MT 29443",Slovenia,East Sharonburgh,61059,212-51-9243,Technical brewer,Kelly Ltd,"482 Rios Isle
Loganfurt, NH 55514",Holy See (Vatican City State),North Bryanbury,65300,2012-10-12 11:11:04,621-111-9233x60748,"('GEL', 'Georgian lari')",5.555555555555555
Cassandra Davis,maria62@hotmail.com,"5275 Blake Springs
Delgadoport, ME 56451",United States Virgin Islands,Markstad,03051,780-23-3217,"Production designer, theatre/television/film",Dennis PLC,"1518 Miller Crossroad Apt. 183
West Sharon, FL 29286",Saudi Arabia,Davisborough,51166,2010-05-26 19:19:46,639-676-7470x739,"('CLP', 'Chilean peso')",62.5
Sarah Cook,mcdonaldapril@pitts.info,"1343 Alexander Groves Apt. 886
Benjaminton, NM 70356",Jersey,New Joanne,05141,617-34-8908,Production engineer,Aguirre-Ryan,"Unit 1610 Box 6221
DPO AA 13279",Niue,South Kimberlyview,01894,1987-04-18 17:34:39,878-896-3901x7010,"('BIF', 'Burundian franc')",8.620689655172415
Caitlyn Jackson,hmyers@buckley-guzman.com,"USNV Bishop
FPO AP 51729",Gambia,South Justinville,93179,667-45-6616,Emergency planning/management officer,"Mann, Estrada and Black","0190 Dawn Ways Apt. 723
Jessicaberg, AK 98785",Malaysia,Smithstad,25325,1991-07-23 19:46:09,(852)853-8309x8172,"('KHR', 'Cambodian riel')",6.756756756756757
Sandra Johnson,vhendricks@gmail.com,"92686 Natasha Rue Apt. 950
North Kenneth, MI 04092",Barbados,Daughertyside,78058,353-35-6464,Water quality scientist,Solomon Group,"290 Debra Mills Apt. 166
East Jacqueline, WA 57910",Mauritius,Ronaldville,89235,1983-09-01 14:31:42,(982)971-2910x99372,"('NPR', 'Nepalese rupee')",8.064516129032258
James Brock,medinajoshua@hotmail.com,"5375 Mayo Alley
Mooremouth, KS 23314",San Marino,West Brittanytown,42761,233-23-6375,"Engineer, technical sales","Carter, Garcia and Morgan","525 Steven Heights
Port Brandon, KY 50641",Mozambique,Port Kevinberg,63607,1983-07-04 05:22:40,9557780862,"('BAM', 'Bosnia and Herzegovina convertible mark')",21.73913043478261
Ashley Anderson,bellgeorge@yahoo.com,"2127 Adam Camp Apt. 922
Craigshire, UT 03702",Mozambique,Suzannefort,93822,737-19-4850,"Secretary, company",Johnson-Miller,"792 Adams Branch
Fleminghaven, DE 95326",Canada,Velazquezville,96828,1994-10-25 10:07:20,+1-111-733-2688,"('TRY', 'Turkish lira')",31.25
Bethany Turner,grantanthony@ross.com,"23950 John Forge Suite 678
South Christina, OH 94803",Mayotte,South Stefanie,54048,665-60-2607,Interior and spatial designer,"Bartlett, Griffin and Grant","80194 Ibarra Ferry
Lake Justinside, WV 47709",Zambia,Laurieview,58247,2001-09-23 06:40:23,(838)008-3329,"('BRL', 'Brazilian real')",10.0
Eric Robertson,davidjordan@ramirez.com,"PSC 6534, Box 8744
APO AP 55684",Bulgaria,Michaelchester,06354,653-37-2726,Psychiatrist,"Buckley, Lara and Schaefer","418 Mercedes Island
North Brittanyburgh, ID 06744",Equatorial Guinea,Richardview,87169,2015-03-30 13:08:11,(573)611-5992x9490,"('ANG', 'Netherlands Antillean guilder')",9.433962264150944
Michael Hamilton,mbooth@hull-jones.com,"4369 Jenkins Unions Suite 370
North Stevenland, RI 10239",Wallis and Futuna,Lake Bretttown,84196,190-03-5753,Media buyer,Todd LLC,"011 Jeffrey Unions
West Matthewport, HI 34617",Sudan,New Matthew,33303,1971-05-04 12:50:58,279-998-4586x3012,"('TVD', 'Tuvaluan dollar')",10.416666666666666
Brent Welch,kellycarol@johnson.biz,"820 Johnson Summit
North Richardchester, IA 87054",Germany,West Kimberlytown,94788,634-88-8483,IT technical support officer,"Friedman, Doyle and Clark","295 Dodson Inlet
New Brian, SC 28483",Jordan,Lake Desiree,64660,1978-10-03 09:56:41,(805)631-6335,"('MRO', 'Mauritanian ouguiya')",71.42857142857143
Jessica Richardson,gabrielle43@bird.com,"2623 Charles Crossing
West Sandrabury, AR 18237",Timor-Leste,North Davidhaven,51180,730-65-2892,Economist,Daniels-Wells,"512 Julia Grove
Lesliehaven, RI 62661",Iraq,West Paulhaven,48286,1977-06-16 16:42:40,+1-286-876-2315,"('JMD', 'Jamaican dollar')",7.575757575757576
Daniel Smith,calvinmitchell@ferguson.com,"92714 Avila Run
Davidbury, NM 10705",Bermuda,Christophermouth,10360,820-24-1073,Insurance broker,Torres LLC,"217 Harris Curve Apt. 109
Johnsonburgh, PA 93135",Greece,North Annview,26541,2009-12-11 02:18:37,065-361-9715,"('GYD', 'Guyanese dollar')",10.638297872340425
Dennis Mcbride,sean32@scott.net,"64449 Cody Spurs
North Kevinberg, CO 17026",South Georgia and the South Sandwich Islands,Shannonmouth,50364,173-65-7602,"Engineer, aeronautical",Huffman and Sons,"51485 Sandra Shoal Apt. 371
West Joshuaton, NH 24445",Comoros,New Eric,16530,2001-02-10 20:28:16,(015)584-5000,"('COP', 'Colombian peso')",8.474576271186441
Eugene Lucas,cheyenne77@lewis.com,"256 Steve Shoal
South Saramouth, PA 42840",Ukraine,Tylerborough,82173,271-22-6622,"Editor, magazine features",George Inc,"6851 Stewart Rapids Apt. 850
Burnettborough, IN 70677",Saint Pierre and Miquelon,Rothbury,01938,1994-04-10 12:22:29,472.559.1868,"('AOA', 'Angolan kwanza')",12.195121951219512
